epoch,iou
1,0.248941
2,0.327268
3,0.329437
4,0.335491
5,0.340280
6,0.343222
7,0.344698
8,0.347486
9,0.347204
10,0.348519
11,0.349864
12,0.350680
13,0.352080
14,0.355514
15,0.356196
16,0.356150
17,0.355643
18,0.357537
19,0.357782
20,0.357344
